Metric,TI,MBAR,BAR
Endpoint_dF,3.4659633987674576,3.444483650893247,3.4375950961777084
Endpoint_Error,0.04440198303794125,0.004324166758317703,
