Metric,TI,MBAR,BAR
Endpoint_dF,3.6690282728392227,3.585295338294671,3.5784757898408612
Endpoint_Error,0.050126969402814914,0.004860672213902315,
