Metric,TI,MBAR,BAR
Endpoint_dF,3.455455210509358,3.450665688568055,3.4425761597645597
Endpoint_Error,0.04383891700537277,0.004435772197126171,
