Metric,TI,MBAR,BAR
Endpoint_dF,3.7422728559027094,3.686001377854625,3.6812324521648843
Endpoint_Error,0.044698344208879436,0.004354632086859638,
