MBAR,MBAR_Error,BAR,BAR_Error,TI,TI_Error
2.548294381235746,0.02318474596038808,2.5482897570083938,0.023610850024436147,2.534750870100117,0.018041339375019276
2.970902176840975,0.040878882859479666,2.969807231741398,0.041898257917293166,2.922261569547682,0.02924332166419835
1.2904363816798352,0.031980536728487136,1.2845962989130746,0.033096188510578724,1.261730141433335,0.024342294071309604
0.15941965944616368,0.03238137724223809,0.1664287302425935,0.032819638734598214,0.12114569638881544,0.023892180821114967
-0.866304598853843,0.03224988969321443,-0.8679779837119826,0.03250843051883182,-0.8829578708005665,0.022472045229786353
-2.4084470977199612,0.0429754186868187,-2.435954921527866,0.04417859626577487,-2.079614862643823,0.025627089576465263
-1.6624405191736242,0.02101805309947993,-1.6608160512678634,0.02120336486054981,-1.627388064170564,0.019278595371961915
2.0318603834552906,0.10904943421492709,2.0043730613977457,0.06678156864742944,2.2499274798549957,0.0858676181286856
2.0318603834552906,0.10904943421492709,2.0043730613977457,0.08912660511990451,2.2499274798549957,0.0858676181286856
