Metric,TI,MBAR,BAR
Endpoint_dF,3.6266430151332285,3.5724920942494105,3.564571614815206
Endpoint_Error,0.046347071906542005,0.004538078454834146,
