Metric,TI,MBAR,BAR
Endpoint_dF,3.4595956936656282,3.434140547631751,3.428610261135727
Endpoint_Error,0.04440025689912505,0.004324429636458998,
