Metric,TI,MBAR,BAR
Endpoint_dF,3.9425386259380133,3.9216968094297506,3.9163289440858122
Endpoint_Error,0.04751517882387011,0.004569883696212088,
