Metric,TI,MBAR,BAR
Endpoint_dF,3.572319002931419,3.4533725821102266,3.4457887860204703
Endpoint_Error,0.04435822574039726,0.004560069430996214,
