Metric,TI,MBAR,BAR
Endpoint_dF,3.648823420435401,3.598176610744787,3.5924760875306987
Endpoint_Error,0.04409650646438857,0.004454267787675684,
