Metric,TI,MBAR,BAR
Endpoint_dF,4.0815820753652705,4.025979006742775,4.022161264111752
Endpoint_Error,0.0475064095137036,0.004447807339512319,
