Metric,TI,MBAR,BAR
Endpoint_dF,3.4152796926584643,3.44611558863531,3.4414819727441226
Endpoint_Error,0.044288629820075,0.0043239191568769835,
