Metric,TI,MBAR,BAR
Endpoint_dF,3.495115598968793,3.451850764697701,3.446011659570757
Endpoint_Error,0.04402766002499314,0.004512916109959243,
