Metric,TI,MBAR,BAR
Endpoint_dF,3.774062948853247,3.7619992480282516,3.7570763490821046
Endpoint_Error,0.04617005304725105,0.004378341078440262,
