Metric,TI,MBAR,BAR
Endpoint_dF,3.577711941787975,3.5668002106831658,3.560836263198576
Endpoint_Error,0.044959549726549954,0.004452241444254001,
