Metric,TI,MBAR,BAR
Endpoint_dF,3.6928650879840212,3.6786070101862673,3.6721722905915395
Endpoint_Error,0.04548075617424364,0.004470646967052873,
