Metric,TI,MBAR,BAR
Endpoint_dF,3.848255639808848,3.7370555777690715,3.730874546840418
Endpoint_Error,0.04666161338329499,0.004469295433327631,
