Metric,TI,MBAR,BAR
Endpoint_dF,3.670240207618412,3.6723233988285635,3.664883805218691
Endpoint_Error,0.04544183920568373,0.0043248184194623175,
