Metric,TI,MBAR,BAR
Endpoint_dF,3.5159900988973183,3.4824422101206043,3.4767437811537305
Endpoint_Error,0.044015350479230164,0.004323313552897816,
