Metric,TI,MBAR,BAR
Endpoint_dF,3.56259739387669,3.5758270842321505,3.5682775031965797
Endpoint_Error,0.04528702086007847,0.004618881161691436,
