Metric,TI,MBAR,BAR
Endpoint_dF,3.558635804000945,3.6016451252802533,3.59601362540971
Endpoint_Error,0.04463550686185461,0.004347707202458924,
