Metric,TI,MBAR,BAR
Endpoint_dF,3.9345074485730516,3.9355090883495407,3.929387990126827
Endpoint_Error,0.04684000649016799,0.004430646846488381,
