Metric,TI,MBAR,BAR
Endpoint_dF,3.7052604272415155,3.672391723806875,3.665743358931562
Endpoint_Error,0.044853688530700445,0.0043610458918538495,
