Metric,TI,MBAR,BAR
Endpoint_dF,3.4879228515406755,3.4530520737663295,3.4465350880028756
Endpoint_Error,0.04403391564612848,0.004321711308410236,
